[
    {"nombre": "Carlos", "edad": 17, "promedio": 8.4, "estado": "aprobado", "genero": "H"},
    {"nombre": "María", "edad": 19, "promedio": 5.9, "estado": "reprobado", "genero": "M"},
    {"nombre": "José", "edad": 16, "promedio": 7.2, "estado": "aprobado", "genero": "H"},
    {"nombre": "Ana", "edad": 22, "promedio": 6.1, "estado": "aprobado", "genero": "M"},
    {"nombre": "Luis", "edad": 14, "promedio": 4.8, "estado": "reprobado", "genero": "H"},
    {"nombre": "Sofía", "edad": 18, "promedio": 9.1, "estado": "aprobado", "genero": "M"},
    {"nombre": "Juan", "edad": 20, "promedio": 7.5, "estado": "aprobado", "genero": "H"},
    {"nombre": "Miguel", "edad": 15, "promedio": 5.4, "estado": "reprobado", "genero": "M"},
    {"nombre": "Daniela", "edad": 21, "promedio": 8.7, "estado": "aprobado", "genero": "H"},
    {"nombre": "Jorge", "edad": 17, "promedio": 6.2, "estado": "aprobado", "genero": "M"},
    {"nombre": "Karen", "edad": 23, "promedio": 5.1, "estado": "reprobado", "genero": "H"},
    {"nombre": "Ricardo", "edad": 13, "promedio": 7.9, "estado": "aprobado", "genero": "M"},
    {"nombre": "Valeria", "edad": 18, "promedio": 6.0, "estado": "aprobado", "genero": "H"},
    {"nombre": "Diego", "edad": 16, "promedio": 4.5, "estado": "reprobado", "genero": "M"},
    {"nombre": "Andrea", "edad": 19, "promedio": 8.2, "estado": "aprobado", "genero": "H"},
    {"nombre": "Alejandro", "edad": 22, "promedio": 9.4, "estado": "aprobado", "genero": "M"},
    {"nombre": "Marisol", "edad": 12, "promedio": 3.9, "estado": "reprobado", "genero": "H"},
    {"nombre": "Roberto", "edad": 20, "promedio": 7.1, "estado": "aprobado", "genero": "M"},
    {"nombre": "Paola", "edad": 15, "promedio": 6.8, "estado": "aprobado", "genero": "H"},
    {"nombre": "Eduardo", "edad": 17, "promedio": 5.0, "estado": "reprobado", "genero": "M"},
    {"nombre": "Natalia", "edad": 24, "promedio": 8.9, "estado": "aprobado", "genero": "H"},
    {"nombre": "Francisco", "edad": 14, "promedio": 6.5, "estado": "aprobado", "genero": "M"},
    {"nombre": "Camila", "edad": 19, "promedio": 4.3, "estado": "reprobado", "genero": "H"},
    {"nombre": "Ángel", "edad": 21, "promedio": 7.8, "estado": "aprobado", "genero": "M"},
    {"nombre": "Ximena", "edad": 13, "promedio": 5.7, "estado": "reprobado", "genero": "H"},
    {"nombre": "Sergio", "edad": 17, "promedio": 9.3, "estado": "aprobado", "genero": "M"},
    {"nombre": "Gabriela", "edad": 22, "promedio": 6.7, "estado": "aprobado", "genero": "H"},
    {"nombre": "David", "edad": 15, "promedio": 4.9, "estado": "reprobado", "genero": "M"},
    {"nombre": "Julieta", "edad": 20, "promedio": 7.6, "estado": "aprobado", "genero": "H"},
    {"nombre": "Mateo", "edad": 16, "promedio": 6.3, "estado": "aprobado", "genero": "M"},
    {"nombre": "Isabella", "edad": 18, "promedio": 5.5, "estado": "reprobado", "genero": "H"},
    {"nombre": "Omar", "edad": 19, "promedio": 8.1, "estado": "aprobado", "genero": "M"},
    {"nombre": "Mónica", "edad": 23, "promedio": 9.0, "estado": "aprobado", "genero": "H"},
    {"nombre": "Héctor", "edad": 14, "promedio": 4.2, "estado": "reprobado", "genero": "M"},
    {"nombre": "Luz", "edad": 21, "promedio": 7.0, "estado": "aprobado", "genero": "H"},
    {"nombre": "Marco", "edad": 17, "promedio": 8.6, "estado": "aprobado", "genero": "M"},
    {"nombre": "Teresa", "edad": 13, "promedio": 6.9, "estado": "aprobado", "genero": "H"},
    {"nombre": "Adrián", "edad": 20, "promedio": 5.8, "estado": "reprobado", "genero": "M"},
    {"nombre": "Renata", "edad": 22, "promedio": 9.5, "estado": "aprobado", "genero": "H"},
    {"nombre": "Ana", "edad": 15, "promedio": 7.3, "estado": "aprobado", "genero": "M"},
    {"nombre": "Luis", "edad": 18, "promedio": 6.4, "estado": "aprobado", "genero": "H"},
    {"nombre": "Sofía", "edad": 16, "promedio": 5.2, "estado": "reprobado", "genero": "M"},
    {"nombre": "Miguel", "edad": 19, "promedio": 8.8, "estado": "aprobado", "genero": "H"},
    {"nombre": "Fernanda", "edad": 17, "promedio": 6.6, "estado": "aprobado", "genero": "M"},
    {"nombre": "Diego", "edad": 21, "promedio": 4.7, "estado": "reprobado", "genero": "H"},
    {"nombre": "Valeria", "edad": 12, "promedio": 7.4, "estado": "aprobado", "genero": "M"},
    {"nombre": "Jorge", "edad": 20, "promedio": 9.2, "estado": "aprobado", "genero": "H"},
    {"nombre": "Daniela", "edad": 23, "promedio": 5.6, "estado": "reprobado", "genero": "M"},
    {"nombre": "Luis", "edad": 14, "promedio": 8.0, "estado": "aprobado", "genero": "H"},
    {"nombre": "Miguel", "edad": 18, "promedio": 6.9, "estado": "aprobado", "genero": "M"}
  ]
  